"0","library(GWmodel)      ## GW models"
"0","library(plyr)         ## Data management"
"0","library(sp)           ## Spatial Data management"
"0","library(spdep)        ## Spatial autocorrelation"
"0","library(RColorBrewer) ## Visualization"
"0","library(classInt)     ## Class intervals"
"0","library(raster)       ## spatial data"
"0","library(grid)         ## plot"
"0","library(gridExtra)    ## Multiple plot"
"0","library(ggplot2)      #  plotting"
"0","library(tidyverse)    # data "
"0","library(SpatialML)    # Geographically weigted regression"
