"0","# read grid CSV file"
"0","grid.df<-read.csv(paste0(dataFolder,"".\\Sentinel_2\\prediction_grid_data.csv""), header = T) "
"0","# Preddict at grid location"
"0","p3<-as.data.frame(predict(fit.nb, grid.df, type = ""raw""))"
"2","Numerical 0 probability for all classes with observation 164"
"2","Numerical 0 probability for all classes with observation 170"
"2","Numerical 0 probability for all classes with observation 171"
"2","Numerical 0 probability for all classes with observation 173"
"2","Numerical 0 probability for all classes with observation 174"
"2","Numerical 0 probability for all classes with observation 176"
"2","Numerical 0 probability for all classes with observation 177"
"2","Numerical 0 probability for all classes with observation 200"
"2","Numerical 0 probability for all classes with observation 201"
"2","Numerical 0 probability for all classes with observation 374"
"2","Numerical 0 probability for all classes with observation 380"
"2","Numerical 0 probability for all classes with observation 381"
"2","Numerical 0 probability for all classes with observation 383"
"2","Numerical 0 probability for all classes with observation 384"
"2","Numerical 0 probability for all classes with observation 386"
"2","Numerical 0 probability for all classes with observation 387"
"2","Numerical 0 probability for all classes with observation 411"
"2","Numerical 0 probability for all classes with observation 412"
"2","Numerical 0 probability for all classes with observation 484"
"2","Numerical 0 probability for all classes with observation 584"
"2","Numerical 0 probability for all classes with observation 590"
"2","Numerical 0 probability for all classes with observation 591"
"2","Numerical 0 probability for all classes with observation 593"
"2","Numerical 0 probability for all classes with observation 594"
"2","Numerical 0 probability for all classes with observation 595"
"2","Numerical 0 probability for all classes with observation 597"
"2","Numerical 0 probability for all classes with observation 661"
"2","Numerical 0 probability for all classes with observation 662"
"2","Numerical 0 probability for all classes with observation 667"
"2","Numerical 0 probability for all classes with observation 692"
"2","Numerical 0 probability for all classes with observation 695"
"2","Numerical 0 probability for all classes with observation 794"
"2","Numerical 0 probability for all classes with observation 800"
"2","Numerical 0 probability for all classes with observation 801"
"2","Numerical 0 probability for all classes with observation 807"
"2","Numerical 0 probability for all classes with observation 864"
"2","Numerical 0 probability for all classes with observation 1004"
"2","Numerical 0 probability for all classes with observation 1005"
"2","Numerical 0 probability for all classes with observation 1009"
"2","Numerical 0 probability for all classes with observation 1010"
"2","Numerical 0 probability for all classes with observation 1011"
"2","Numerical 0 probability for all classes with observation 1017"
"2","Numerical 0 probability for all classes with observation 1217"
"2","Numerical 0 probability for all classes with observation 1218"
"2","Numerical 0 probability for all classes with observation 1219"
"2","Numerical 0 probability for all classes with observation 1220"
"2","Numerical 0 probability for all classes with observation 1221"
"2","Numerical 0 probability for all classes with observation 1222"
"2","Numerical 0 probability for all classes with observation 1223"
"2","Numerical 0 probability for all classes with observation 1224"
"2","Numerical 0 probability for all classes with observation 1225"
"2","Numerical 0 probability for all classes with observation 1227"
"2","Numerical 0 probability for all classes with observation 1228"
"2","Numerical 0 probability for all classes with observation 1427"
"2","Numerical 0 probability for all classes with observation 1428"
"2","Numerical 0 probability for all classes with observation 1429"
"2","Numerical 0 probability for all classes with observation 1430"
"2","Numerical 0 probability for all classes with observation 1431"
"2","Numerical 0 probability for all classes with observation 1432"
"2","Numerical 0 probability for all classes with observation 1433"
"2","Numerical 0 probability for all classes with observation 1434"
"2","Numerical 0 probability for all classes with observation 1435"
"2","Numerical 0 probability for all classes with observation 1436"
"2","Numerical 0 probability for all classes with observation 1438"
"2","Numerical 0 probability for all classes with observation 1504"
"2","Numerical 0 probability for all classes with observation 1505"
"2","Numerical 0 probability for all classes with observation 1637"
"2","Numerical 0 probability for all classes with observation 1638"
"2","Numerical 0 probability for all classes with observation 1639"
"2","Numerical 0 probability for all classes with observation 1640"
"2","Numerical 0 probability for all classes with observation 1641"
"2","Numerical 0 probability for all classes with observation 1642"
"2","Numerical 0 probability for all classes with observation 1643"
"2","Numerical 0 probability for all classes with observation 1644"
"2","Numerical 0 probability for all classes with observation 1714"
"2","Numerical 0 probability for all classes with observation 1715"
"2","Numerical 0 probability for all classes with observation 1847"
"2","Numerical 0 probability for all classes with observation 1848"
"2","Numerical 0 probability for all classes with observation 1849"
"2","Numerical 0 probability for all classes with observation 1850"
"2","Numerical 0 probability for all classes with observation 1858"
"2","Numerical 0 probability for all classes with observation 1859"
"2","Numerical 0 probability for all classes with observation 1860"
"2","Numerical 0 probability for all classes with observation 2486"
"2","Numerical 0 probability for all classes with observation 2487"
"2","Numerical 0 probability for all classes with observation 2488"
"2","Numerical 0 probability for all classes with observation 2489"
"2","Numerical 0 probability for all classes with observation 3027"
"2","Numerical 0 probability for all classes with observation 5328"
"2","Numerical 0 probability for all classes with observation 5329"
"2","Numerical 0 probability for all classes with observation 5461"
"2","Numerical 0 probability for all classes with observation 5538"
"2","Numerical 0 probability for all classes with observation 5539"
"2","Numerical 0 probability for all classes with observation 5672"
"2","Numerical 0 probability for all classes with observation 5748"
"2","Numerical 0 probability for all classes with observation 5749"
"2","Numerical 0 probability for all classes with observation 5750"
"2","Numerical 0 probability for all classes with observation 5882"
"2","Numerical 0 probability for all classes with observation 5883"
"2","Numerical 0 probability for all classes with observation 5884"
"2","Numerical 0 probability for all classes with observation 5958"
"2","Numerical 0 probability for all classes with observation 5959"
"2","Numerical 0 probability for all classes with observation 5960"
"2","Numerical 0 probability for all classes with observation 6087"
"2","Numerical 0 probability for all classes with observation 6088"
"2","Numerical 0 probability for all classes with observation 6089"
"2","Numerical 0 probability for all classes with observation 6094"
"2","Numerical 0 probability for all classes with observation 6095"
"2","Numerical 0 probability for all classes with observation 6169"
"2","Numerical 0 probability for all classes with observation 6170"
"2","Numerical 0 probability for all classes with observation 6237"
"2","Numerical 0 probability for all classes with observation 6293"
"2","Numerical 0 probability for all classes with observation 6304"
"2","Numerical 0 probability for all classes with observation 6305"
"2","Numerical 0 probability for all classes with observation 6453"
"2","Numerical 0 probability for all classes with observation 7136"
"2","Numerical 0 probability for all classes with observation 7344"
"2","Numerical 0 probability for all classes with observation 7550"
"2","Numerical 0 probability for all classes with observation 7966"
"2","Numerical 0 probability for all classes with observation 7990"
"2","Numerical 0 probability for all classes with observation 7991"
"2","Numerical 0 probability for all classes with observation 7992"
"2","Numerical 0 probability for all classes with observation 7993"
"2","Numerical 0 probability for all classes with observation 8198"
"2","Numerical 0 probability for all classes with observation 8199"
"2","Numerical 0 probability for all classes with observation 8200"
"2","Numerical 0 probability for all classes with observation 8201"
"2","Numerical 0 probability for all classes with observation 8202"
"2","Numerical 0 probability for all classes with observation 8203"
"2","Numerical 0 probability for all classes with observation 8408"
"2","Numerical 0 probability for all classes with observation 8409"
"2","Numerical 0 probability for all classes with observation 8410"
"2","Numerical 0 probability for all classes with observation 8411"
"2","Numerical 0 probability for all classes with observation 8412"
"2","Numerical 0 probability for all classes with observation 8413"
"2","Numerical 0 probability for all classes with observation 8618"
"2","Numerical 0 probability for all classes with observation 8619"
"2","Numerical 0 probability for all classes with observation 8620"
"2","Numerical 0 probability for all classes with observation 8621"
"2","Numerical 0 probability for all classes with observation 8622"
"2","Numerical 0 probability for all classes with observation 8623"
"2","Numerical 0 probability for all classes with observation 8830"
"2","Numerical 0 probability for all classes with observation 8831"
"2","Numerical 0 probability for all classes with observation 8832"
"2","Numerical 0 probability for all classes with observation 8943"
"2","Numerical 0 probability for all classes with observation 8952"
"2","Numerical 0 probability for all classes with observation 9024"
"2","Numerical 0 probability for all classes with observation 9025"
"2","Numerical 0 probability for all classes with observation 9026"
"2","Numerical 0 probability for all classes with observation 9848"
"2","Numerical 0 probability for all classes with observation 10058"
"2","Numerical 0 probability for all classes with observation 10131"
"2","Numerical 0 probability for all classes with observation 10132"
"2","Numerical 0 probability for all classes with observation 10916"
"2","Numerical 0 probability for all classes with observation 10917"
"2","Numerical 0 probability for all classes with observation 11130"
"2","Numerical 0 probability for all classes with observation 11333"
"2","Numerical 0 probability for all classes with observation 11334"
"2","Numerical 0 probability for all classes with observation 11340"
"2","Numerical 0 probability for all classes with observation 11529"
"2","Numerical 0 probability for all classes with observation 11530"
"2","Numerical 0 probability for all classes with observation 11531"
"2","Numerical 0 probability for all classes with observation 11532"
"2","Numerical 0 probability for all classes with observation 11533"
"2","Numerical 0 probability for all classes with observation 11534"
"2","Numerical 0 probability for all classes with observation 11535"
"2","Numerical 0 probability for all classes with observation 11542"
"2","Numerical 0 probability for all classes with observation 11543"
"2","Numerical 0 probability for all classes with observation 11544"
"2","Numerical 0 probability for all classes with observation 11545"
"2","Numerical 0 probability for all classes with observation 11740"
"2","Numerical 0 probability for all classes with observation 11741"
"2","Numerical 0 probability for all classes with observation 11742"
"2","Numerical 0 probability for all classes with observation 11743"
"2","Numerical 0 probability for all classes with observation 11744"
"2","Numerical 0 probability for all classes with observation 11745"
"2","Numerical 0 probability for all classes with observation 11746"
"2","Numerical 0 probability for all classes with observation 11747"
"2","Numerical 0 probability for all classes with observation 11748"
"2","Numerical 0 probability for all classes with observation 11750"
"2","Numerical 0 probability for all classes with observation 11751"
"2","Numerical 0 probability for all classes with observation 11752"
"2","Numerical 0 probability for all classes with observation 11753"
"2","Numerical 0 probability for all classes with observation 11754"
"2","Numerical 0 probability for all classes with observation 11755"
"2","Numerical 0 probability for all classes with observation 11756"
"2","Numerical 0 probability for all classes with observation 11757"
"2","Numerical 0 probability for all classes with observation 11956"
"2","Numerical 0 probability for all classes with observation 11957"
"2","Numerical 0 probability for all classes with observation 11958"
"2","Numerical 0 probability for all classes with observation 11963"
"2","Numerical 0 probability for all classes with observation 11964"
"2","Numerical 0 probability for all classes with observation 12369"
"2","Numerical 0 probability for all classes with observation 12579"
"2","Numerical 0 probability for all classes with observation 12580"
"2","Numerical 0 probability for all classes with observation 12789"
"2","Numerical 0 probability for all classes with observation 13645"
"2","Numerical 0 probability for all classes with observation 13646"
"2","Numerical 0 probability for all classes with observation 13647"
"2","Numerical 0 probability for all classes with observation 13648"
"2","Numerical 0 probability for all classes with observation 13649"
"2","Numerical 0 probability for all classes with observation 13855"
"2","Numerical 0 probability for all classes with observation 13856"
"2","Numerical 0 probability for all classes with observation 13857"
"2","Numerical 0 probability for all classes with observation 13858"
"2","Numerical 0 probability for all classes with observation 14904"
"2","Numerical 0 probability for all classes with observation 14905"
"2","Numerical 0 probability for all classes with observation 15103"
"2","Numerical 0 probability for all classes with observation 15114"
"2","Numerical 0 probability for all classes with observation 15115"
"2","Numerical 0 probability for all classes with observation 15116"
"2","Numerical 0 probability for all classes with observation 15325"
"2","Numerical 0 probability for all classes with observation 17019"
"2","Numerical 0 probability for all classes with observation 17020"
"2","Numerical 0 probability for all classes with observation 17021"
"2","Numerical 0 probability for all classes with observation 17022"
"2","Numerical 0 probability for all classes with observation 17023"
"2","Numerical 0 probability for all classes with observation 17024"
"2","Numerical 0 probability for all classes with observation 17025"
"2","Numerical 0 probability for all classes with observation 17026"
"2","Numerical 0 probability for all classes with observation 17027"
"2","Numerical 0 probability for all classes with observation 17028"
"2","Numerical 0 probability for all classes with observation 17029"
"2","Numerical 0 probability for all classes with observation 17030"
"2","Numerical 0 probability for all classes with observation 17031"
"2","Numerical 0 probability for all classes with observation 17222"
"2","Numerical 0 probability for all classes with observation 17226"
"2","Numerical 0 probability for all classes with observation 17227"
"2","Numerical 0 probability for all classes with observation 17228"
"2","Numerical 0 probability for all classes with observation 17229"
"2","Numerical 0 probability for all classes with observation 17230"
"2","Numerical 0 probability for all classes with observation 17231"
"2","Numerical 0 probability for all classes with observation 17232"
"2","Numerical 0 probability for all classes with observation 17233"
"2","Numerical 0 probability for all classes with observation 17234"
"2","Numerical 0 probability for all classes with observation 17235"
"2","Numerical 0 probability for all classes with observation 17236"
"2","Numerical 0 probability for all classes with observation 17237"
"2","Numerical 0 probability for all classes with observation 17238"
"2","Numerical 0 probability for all classes with observation 17239"
"2","Numerical 0 probability for all classes with observation 17240"
"2","Numerical 0 probability for all classes with observation 17241"
"2","Numerical 0 probability for all classes with observation 17242"
"2","Numerical 0 probability for all classes with observation 17431"
"2","Numerical 0 probability for all classes with observation 17432"
"2","Numerical 0 probability for all classes with observation 17433"
"2","Numerical 0 probability for all classes with observation 17434"
"2","Numerical 0 probability for all classes with observation 17435"
"2","Numerical 0 probability for all classes with observation 17436"
"2","Numerical 0 probability for all classes with observation 17437"
"2","Numerical 0 probability for all classes with observation 17438"
"2","Numerical 0 probability for all classes with observation 17441"
"2","Numerical 0 probability for all classes with observation 17442"
"2","Numerical 0 probability for all classes with observation 17452"
"2","Numerical 0 probability for all classes with observation 17453"
"2","Numerical 0 probability for all classes with observation 17643"
"2","Numerical 0 probability for all classes with observation 17644"
"2","Numerical 0 probability for all classes with observation 17645"
"2","Numerical 0 probability for all classes with observation 17646"
"2","Numerical 0 probability for all classes with observation 17647"
"2","Numerical 0 probability for all classes with observation 17662"
"2","Numerical 0 probability for all classes with observation 17663"
"2","Numerical 0 probability for all classes with observation 17845"
"2","Numerical 0 probability for all classes with observation 17848"
"2","Numerical 0 probability for all classes with observation 17852"
"2","Numerical 0 probability for all classes with observation 17853"
"2","Numerical 0 probability for all classes with observation 17854"
"2","Numerical 0 probability for all classes with observation 17855"
"2","Numerical 0 probability for all classes with observation 17872"
"2","Numerical 0 probability for all classes with observation 17873"
"2","Numerical 0 probability for all classes with observation 18062"
"2","Numerical 0 probability for all classes with observation 18063"
"2","Numerical 0 probability for all classes with observation 18064"
"2","Numerical 0 probability for all classes with observation 18065"
"2","Numerical 0 probability for all classes with observation 18082"
"2","Numerical 0 probability for all classes with observation 18083"
"2","Numerical 0 probability for all classes with observation 18265"
"2","Numerical 0 probability for all classes with observation 18272"
"2","Numerical 0 probability for all classes with observation 18274"
"2","Numerical 0 probability for all classes with observation 18275"
"2","Numerical 0 probability for all classes with observation 18276"
"2","Numerical 0 probability for all classes with observation 18277"
"2","Numerical 0 probability for all classes with observation 18292"
"2","Numerical 0 probability for all classes with observation 18293"
"2","Numerical 0 probability for all classes with observation 18475"
"2","Numerical 0 probability for all classes with observation 18484"
"2","Numerical 0 probability for all classes with observation 18485"
"2","Numerical 0 probability for all classes with observation 18486"
"2","Numerical 0 probability for all classes with observation 18487"
"2","Numerical 0 probability for all classes with observation 18502"
"2","Numerical 0 probability for all classes with observation 18503"
"2","Numerical 0 probability for all classes with observation 18696"
"2","Numerical 0 probability for all classes with observation 18697"
"2","Numerical 0 probability for all classes with observation 18698"
"2","Numerical 0 probability for all classes with observation 18699"
"2","Numerical 0 probability for all classes with observation 18700"
"2","Numerical 0 probability for all classes with observation 18701"
"2","Numerical 0 probability for all classes with observation 18702"
"2","Numerical 0 probability for all classes with observation 18703"
"2","Numerical 0 probability for all classes with observation 18704"
"2","Numerical 0 probability for all classes with observation 18705"
"2","Numerical 0 probability for all classes with observation 18706"
"2","Numerical 0 probability for all classes with observation 18707"
"2","Numerical 0 probability for all classes with observation 18708"
"2","Numerical 0 probability for all classes with observation 18709"
"2","Numerical 0 probability for all classes with observation 18712"
"2","Numerical 0 probability for all classes with observation 18713"
"2","Numerical 0 probability for all classes with observation 18906"
"2","Numerical 0 probability for all classes with observation 18907"
"2","Numerical 0 probability for all classes with observation 18908"
"2","Numerical 0 probability for all classes with observation 18909"
"2","Numerical 0 probability for all classes with observation 18910"
"2","Numerical 0 probability for all classes with observation 18911"
"2","Numerical 0 probability for all classes with observation 18912"
"2","Numerical 0 probability for all classes with observation 18913"
"2","Numerical 0 probability for all classes with observation 18914"
"2","Numerical 0 probability for all classes with observation 18915"
"2","Numerical 0 probability for all classes with observation 18916"
"2","Numerical 0 probability for all classes with observation 18917"
"2","Numerical 0 probability for all classes with observation 18918"
"2","Numerical 0 probability for all classes with observation 18919"
"2","Numerical 0 probability for all classes with observation 18920"
"2","Numerical 0 probability for all classes with observation 18922"
"2","Numerical 0 probability for all classes with observation 18923"
"2","Numerical 0 probability for all classes with observation 19130"
"2","Numerical 0 probability for all classes with observation 19131"
"2","Numerical 0 probability for all classes with observation 19132"
"2","Numerical 0 probability for all classes with observation 19340"
"2","Numerical 0 probability for all classes with observation 19341"
"2","Numerical 0 probability for all classes with observation 19527"
"2","Numerical 0 probability for all classes with observation 19528"
"2","Numerical 0 probability for all classes with observation 19529"
"2","Numerical 0 probability for all classes with observation 19735"
"2","Numerical 0 probability for all classes with observation 19945"
"2","Numerical 0 probability for all classes with observation 20191"
"2","Numerical 0 probability for all classes with observation 20192"
"2","Numerical 0 probability for all classes with observation 20401"
"2","Numerical 0 probability for all classes with observation 20402"
"2","Numerical 0 probability for all classes with observation 21205"
"2","Numerical 0 probability for all classes with observation 21476"
"2","Numerical 0 probability for all classes with observation 21477"
"2","Numerical 0 probability for all classes with observation 21625"
"2","Numerical 0 probability for all classes with observation 21835"
"2","Numerical 0 probability for all classes with observation 22045"
"2","Numerical 0 probability for all classes with observation 22109"
"2","Numerical 0 probability for all classes with observation 22112"
"2","Numerical 0 probability for all classes with observation 22317"
"2","Numerical 0 probability for all classes with observation 22322"
"2","Numerical 0 probability for all classes with observation 22526"
"2","Numerical 0 probability for all classes with observation 22527"
"2","Numerical 0 probability for all classes with observation 22528"
"2","Numerical 0 probability for all classes with observation 22675"
"2","Numerical 0 probability for all classes with observation 22738"
"2","Numerical 0 probability for all classes with observation 22739"
"2","Numerical 0 probability for all classes with observation 22883"
"2","Numerical 0 probability for all classes with observation 22884"
"2","Numerical 0 probability for all classes with observation 22885"
"2","Numerical 0 probability for all classes with observation 22948"
"2","Numerical 0 probability for all classes with observation 23095"
"2","Numerical 0 probability for all classes with observation 23100"
"2","Numerical 0 probability for all classes with observation 23158"
"2","Numerical 0 probability for all classes with observation 23312"
"2","Numerical 0 probability for all classes with observation 23313"
"2","Numerical 0 probability for all classes with observation 23314"
"2","Numerical 0 probability for all classes with observation 23315"
"2","Numerical 0 probability for all classes with observation 23316"
"2","Numerical 0 probability for all classes with observation 23317"
"2","Numerical 0 probability for all classes with observation 23318"
"2","Numerical 0 probability for all classes with observation 23319"
"2","Numerical 0 probability for all classes with observation 23320"
"2","Numerical 0 probability for all classes with observation 23321"
"2","Numerical 0 probability for all classes with observation 23368"
"2","Numerical 0 probability for all classes with observation 23374"
"2","Numerical 0 probability for all classes with observation 23375"
"2","Numerical 0 probability for all classes with observation 23521"
"2","Numerical 0 probability for all classes with observation 23522"
"2","Numerical 0 probability for all classes with observation 23523"
"2","Numerical 0 probability for all classes with observation 23524"
"2","Numerical 0 probability for all classes with observation 23525"
"2","Numerical 0 probability for all classes with observation 23526"
"2","Numerical 0 probability for all classes with observation 23527"
"2","Numerical 0 probability for all classes with observation 23528"
"2","Numerical 0 probability for all classes with observation 23529"
"2","Numerical 0 probability for all classes with observation 23530"
"2","Numerical 0 probability for all classes with observation 23531"
"2","Numerical 0 probability for all classes with observation 23532"
"2","Numerical 0 probability for all classes with observation 23533"
"2","Numerical 0 probability for all classes with observation 23731"
"2","Numerical 0 probability for all classes with observation 23742"
"2","Numerical 0 probability for all classes with observation 23743"
"2","Numerical 0 probability for all classes with observation 23941"
"2","Numerical 0 probability for all classes with observation 23952"
"2","Numerical 0 probability for all classes with observation 23953"
"2","Numerical 0 probability for all classes with observation 24151"
"2","Numerical 0 probability for all classes with observation 24162"
"2","Numerical 0 probability for all classes with observation 24163"
"2","Numerical 0 probability for all classes with observation 24354"
"2","Numerical 0 probability for all classes with observation 24361"
"2","Numerical 0 probability for all classes with observation 24372"
"2","Numerical 0 probability for all classes with observation 24373"
"2","Numerical 0 probability for all classes with observation 24571"
"2","Numerical 0 probability for all classes with observation 24582"
"2","Numerical 0 probability for all classes with observation 24583"
"2","Numerical 0 probability for all classes with observation 24761"
"2","Numerical 0 probability for all classes with observation 24781"
"2","Numerical 0 probability for all classes with observation 24792"
"2","Numerical 0 probability for all classes with observation 24793"
"2","Numerical 0 probability for all classes with observation 24833"
"2","Numerical 0 probability for all classes with observation 24991"
"2","Numerical 0 probability for all classes with observation 25002"
"2","Numerical 0 probability for all classes with observation 25003"
"2","Numerical 0 probability for all classes with observation 25043"
"2","Numerical 0 probability for all classes with observation 25044"
"2","Numerical 0 probability for all classes with observation 25045"
"2","Numerical 0 probability for all classes with observation 25141"
"2","Numerical 0 probability for all classes with observation 25142"
"2","Numerical 0 probability for all classes with observation 25143"
"2","Numerical 0 probability for all classes with observation 25144"
"2","Numerical 0 probability for all classes with observation 25145"
"2","Numerical 0 probability for all classes with observation 25201"
"2","Numerical 0 probability for all classes with observation 25211"
"2","Numerical 0 probability for all classes with observation 25212"
"2","Numerical 0 probability for all classes with observation 25213"
"2","Numerical 0 probability for all classes with observation 25218"
"2","Numerical 0 probability for all classes with observation 25255"
"2","Numerical 0 probability for all classes with observation 25349"
"2","Numerical 0 probability for all classes with observation 25350"
"2","Numerical 0 probability for all classes with observation 25351"
"2","Numerical 0 probability for all classes with observation 25352"
"2","Numerical 0 probability for all classes with observation 25353"
"2","Numerical 0 probability for all classes with observation 25354"
"2","Numerical 0 probability for all classes with observation 25355"
"2","Numerical 0 probability for all classes with observation 25356"
"2","Numerical 0 probability for all classes with observation 25371"
"2","Numerical 0 probability for all classes with observation 25411"
"2","Numerical 0 probability for all classes with observation 25414"
"2","Numerical 0 probability for all classes with observation 25415"
"2","Numerical 0 probability for all classes with observation 25416"
"2","Numerical 0 probability for all classes with observation 25417"
"2","Numerical 0 probability for all classes with observation 25418"
"2","Numerical 0 probability for all classes with observation 25419"
"2","Numerical 0 probability for all classes with observation 25420"
"2","Numerical 0 probability for all classes with observation 25421"
"2","Numerical 0 probability for all classes with observation 25422"
"2","Numerical 0 probability for all classes with observation 25559"
"2","Numerical 0 probability for all classes with observation 25560"
"2","Numerical 0 probability for all classes with observation 25561"
"2","Numerical 0 probability for all classes with observation 25562"
"2","Numerical 0 probability for all classes with observation 25563"
"2","Numerical 0 probability for all classes with observation 25564"
"2","Numerical 0 probability for all classes with observation 25565"
"2","Numerical 0 probability for all classes with observation 25580"
"2","Numerical 0 probability for all classes with observation 25581"
"2","Numerical 0 probability for all classes with observation 25605"
"2","Numerical 0 probability for all classes with observation 25620"
"2","Numerical 0 probability for all classes with observation 25621"
"2","Numerical 0 probability for all classes with observation 25622"
"2","Numerical 0 probability for all classes with observation 25623"
"2","Numerical 0 probability for all classes with observation 25624"
"2","Numerical 0 probability for all classes with observation 25625"
"2","Numerical 0 probability for all classes with observation 25626"
"2","Numerical 0 probability for all classes with observation 25627"
"2","Numerical 0 probability for all classes with observation 25628"
"2","Numerical 0 probability for all classes with observation 25629"
"2","Numerical 0 probability for all classes with observation 25630"
"2","Numerical 0 probability for all classes with observation 25631"
"2","Numerical 0 probability for all classes with observation 25769"
"2","Numerical 0 probability for all classes with observation 25770"
"2","Numerical 0 probability for all classes with observation 25771"
"2","Numerical 0 probability for all classes with observation 25773"
"2","Numerical 0 probability for all classes with observation 25774"
"2","Numerical 0 probability for all classes with observation 25775"
"2","Numerical 0 probability for all classes with observation 25790"
"2","Numerical 0 probability for all classes with observation 25832"
"2","Numerical 0 probability for all classes with observation 25833"
"2","Numerical 0 probability for all classes with observation 25834"
"2","Numerical 0 probability for all classes with observation 25992"
"2","Numerical 0 probability for all classes with observation 25994"
"2","Numerical 0 probability for all classes with observation 25995"
"2","Numerical 0 probability for all classes with observation 26027"
"2","Numerical 0 probability for all classes with observation 26044"
"2","Numerical 0 probability for all classes with observation 26180"
"2","Numerical 0 probability for all classes with observation 26203"
"2","Numerical 0 probability for all classes with observation 26204"
"2","Numerical 0 probability for all classes with observation 26205"
"2","Numerical 0 probability for all classes with observation 26206"
"2","Numerical 0 probability for all classes with observation 26326"
"2","Numerical 0 probability for all classes with observation 26327"
"2","Numerical 0 probability for all classes with observation 26400"
"2","Numerical 0 probability for all classes with observation 26401"
"2","Numerical 0 probability for all classes with observation 26412"
"2","Numerical 0 probability for all classes with observation 26413"
"2","Numerical 0 probability for all classes with observation 26414"
"2","Numerical 0 probability for all classes with observation 26415"
"2","Numerical 0 probability for all classes with observation 26536"
"2","Numerical 0 probability for all classes with observation 26537"
"2","Numerical 0 probability for all classes with observation 26607"
"2","Numerical 0 probability for all classes with observation 26608"
"2","Numerical 0 probability for all classes with observation 26609"
"2","Numerical 0 probability for all classes with observation 26610"
"2","Numerical 0 probability for all classes with observation 26611"
"2","Numerical 0 probability for all classes with observation 26612"
"2","Numerical 0 probability for all classes with observation 26621"
"2","Numerical 0 probability for all classes with observation 26622"
"2","Numerical 0 probability for all classes with observation 26623"
"2","Numerical 0 probability for all classes with observation 26624"
"2","Numerical 0 probability for all classes with observation 26625"
"2","Numerical 0 probability for all classes with observation 26629"
"2","Numerical 0 probability for all classes with observation 26630"
"2","Numerical 0 probability for all classes with observation 26631"
"2","Numerical 0 probability for all classes with observation 26817"
"2","Numerical 0 probability for all classes with observation 26818"
"2","Numerical 0 probability for all classes with observation 26819"
"2","Numerical 0 probability for all classes with observation 26820"
"2","Numerical 0 probability for all classes with observation 26821"
"2","Numerical 0 probability for all classes with observation 26822"
"2","Numerical 0 probability for all classes with observation 26828"
"2","Numerical 0 probability for all classes with observation 26829"
"2","Numerical 0 probability for all classes with observation 26831"
"2","Numerical 0 probability for all classes with observation 26838"
"2","Numerical 0 probability for all classes with observation 26839"
"2","Numerical 0 probability for all classes with observation 26840"
"2","Numerical 0 probability for all classes with observation 26841"
"2","Numerical 0 probability for all classes with observation 26842"
"2","Numerical 0 probability for all classes with observation 27027"
"2","Numerical 0 probability for all classes with observation 27028"
"2","Numerical 0 probability for all classes with observation 27029"
"2","Numerical 0 probability for all classes with observation 27030"
"2","Numerical 0 probability for all classes with observation 27031"
"2","Numerical 0 probability for all classes with observation 27038"
"2","Numerical 0 probability for all classes with observation 27039"
"2","Numerical 0 probability for all classes with observation 27040"
"2","Numerical 0 probability for all classes with observation 27048"
"2","Numerical 0 probability for all classes with observation 27049"
"2","Numerical 0 probability for all classes with observation 27050"
"2","Numerical 0 probability for all classes with observation 27051"
"2","Numerical 0 probability for all classes with observation 27052"
"2","Numerical 0 probability for all classes with observation 27102"
"2","Numerical 0 probability for all classes with observation 27103"
"2","Numerical 0 probability for all classes with observation 27104"
"2","Numerical 0 probability for all classes with observation 27105"
"2","Numerical 0 probability for all classes with observation 27106"
"2","Numerical 0 probability for all classes with observation 27107"
"2","Numerical 0 probability for all classes with observation 27112"
"2","Numerical 0 probability for all classes with observation 27113"
"2","Numerical 0 probability for all classes with observation 27114"
"2","Numerical 0 probability for all classes with observation 27115"
"2","Numerical 0 probability for all classes with observation 27116"
"2","Numerical 0 probability for all classes with observation 27117"
"2","Numerical 0 probability for all classes with observation 27118"
"2","Numerical 0 probability for all classes with observation 27119"
"2","Numerical 0 probability for all classes with observation 27120"
"2","Numerical 0 probability for all classes with observation 27121"
"2","Numerical 0 probability for all classes with observation 27122"
"2","Numerical 0 probability for all classes with observation 27123"
"2","Numerical 0 probability for all classes with observation 27254"
"2","Numerical 0 probability for all classes with observation 27255"
"2","Numerical 0 probability for all classes with observation 27256"
"2","Numerical 0 probability for all classes with observation 27258"
"2","Numerical 0 probability for all classes with observation 27259"
"2","Numerical 0 probability for all classes with observation 27260"
"2","Numerical 0 probability for all classes with observation 27261"
"2","Numerical 0 probability for all classes with observation 27304"
"2","Numerical 0 probability for all classes with observation 27305"
"2","Numerical 0 probability for all classes with observation 27306"
"2","Numerical 0 probability for all classes with observation 27307"
"2","Numerical 0 probability for all classes with observation 27308"
"2","Numerical 0 probability for all classes with observation 27309"
"2","Numerical 0 probability for all classes with observation 27311"
"2","Numerical 0 probability for all classes with observation 27312"
"2","Numerical 0 probability for all classes with observation 27313"
"2","Numerical 0 probability for all classes with observation 27314"
"2","Numerical 0 probability for all classes with observation 27315"
"2","Numerical 0 probability for all classes with observation 27316"
"2","Numerical 0 probability for all classes with observation 27317"
"2","Numerical 0 probability for all classes with observation 27318"
"2","Numerical 0 probability for all classes with observation 27319"
"2","Numerical 0 probability for all classes with observation 27321"
"2","Numerical 0 probability for all classes with observation 27322"
"2","Numerical 0 probability for all classes with observation 27323"
"2","Numerical 0 probability for all classes with observation 27324"
"2","Numerical 0 probability for all classes with observation 27325"
"2","Numerical 0 probability for all classes with observation 27326"
"2","Numerical 0 probability for all classes with observation 27327"
"2","Numerical 0 probability for all classes with observation 27328"
"2","Numerical 0 probability for all classes with observation 27329"
"2","Numerical 0 probability for all classes with observation 27330"
"2","Numerical 0 probability for all classes with observation 27331"
"2","Numerical 0 probability for all classes with observation 27332"
"2","Numerical 0 probability for all classes with observation 27333"
"2","Numerical 0 probability for all classes with observation 27374"
"2","Numerical 0 probability for all classes with observation 27375"
"2","Numerical 0 probability for all classes with observation 27376"
"2","Numerical 0 probability for all classes with observation 27377"
"2","Numerical 0 probability for all classes with observation 27462"
"2","Numerical 0 probability for all classes with observation 27463"
"2","Numerical 0 probability for all classes with observation 27464"
"2","Numerical 0 probability for all classes with observation 27465"
"2","Numerical 0 probability for all classes with observation 27466"
"2","Numerical 0 probability for all classes with observation 27469"
"2","Numerical 0 probability for all classes with observation 27470"
"2","Numerical 0 probability for all classes with observation 27471"
"2","Numerical 0 probability for all classes with observation 27512"
"2","Numerical 0 probability for all classes with observation 27513"
"2","Numerical 0 probability for all classes with observation 27514"
"2","Numerical 0 probability for all classes with observation 27515"
"2","Numerical 0 probability for all classes with observation 27518"
"2","Numerical 0 probability for all classes with observation 27519"
"2","Numerical 0 probability for all classes with observation 27520"
"2","Numerical 0 probability for all classes with observation 27529"
"2","Numerical 0 probability for all classes with observation 27530"
"2","Numerical 0 probability for all classes with observation 27531"
"2","Numerical 0 probability for all classes with observation 27539"
"2","Numerical 0 probability for all classes with observation 27540"
"2","Numerical 0 probability for all classes with observation 27541"
"2","Numerical 0 probability for all classes with observation 27543"
"2","Numerical 0 probability for all classes with observation 27544"
"2","Numerical 0 probability for all classes with observation 27545"
"2","Numerical 0 probability for all classes with observation 27572"
"2","Numerical 0 probability for all classes with observation 27667"
"2","Numerical 0 probability for all classes with observation 27668"
"2","Numerical 0 probability for all classes with observation 27670"
"2","Numerical 0 probability for all classes with observation 27671"
"2","Numerical 0 probability for all classes with observation 27672"
"2","Numerical 0 probability for all classes with observation 27673"
"2","Numerical 0 probability for all classes with observation 27674"
"2","Numerical 0 probability for all classes with observation 27675"
"2","Numerical 0 probability for all classes with observation 27676"
"2","Numerical 0 probability for all classes with observation 27722"
"2","Numerical 0 probability for all classes with observation 27723"
"2","Numerical 0 probability for all classes with observation 27729"
"2","Numerical 0 probability for all classes with observation 27730"
"2","Numerical 0 probability for all classes with observation 27732"
"2","Numerical 0 probability for all classes with observation 27736"
"2","Numerical 0 probability for all classes with observation 27739"
"2","Numerical 0 probability for all classes with observation 27740"
"2","Numerical 0 probability for all classes with observation 27741"
"2","Numerical 0 probability for all classes with observation 27748"
"2","Numerical 0 probability for all classes with observation 27749"
"2","Numerical 0 probability for all classes with observation 27750"
"2","Numerical 0 probability for all classes with observation 27751"
"2","Numerical 0 probability for all classes with observation 27752"
"2","Numerical 0 probability for all classes with observation 27753"
"2","Numerical 0 probability for all classes with observation 27754"
"2","Numerical 0 probability for all classes with observation 27755"
"2","Numerical 0 probability for all classes with observation 27782"
"2","Numerical 0 probability for all classes with observation 27783"
"2","Numerical 0 probability for all classes with observation 27856"
"2","Numerical 0 probability for all classes with observation 27877"
"2","Numerical 0 probability for all classes with observation 27878"
"2","Numerical 0 probability for all classes with observation 27879"
"2","Numerical 0 probability for all classes with observation 27880"
"2","Numerical 0 probability for all classes with observation 27881"
"2","Numerical 0 probability for all classes with observation 27882"
"2","Numerical 0 probability for all classes with observation 27883"
"2","Numerical 0 probability for all classes with observation 27884"
"2","Numerical 0 probability for all classes with observation 27885"
"2","Numerical 0 probability for all classes with observation 27886"
"2","Numerical 0 probability for all classes with observation 27932"
"2","Numerical 0 probability for all classes with observation 27933"
"2","Numerical 0 probability for all classes with observation 27939"
"2","Numerical 0 probability for all classes with observation 27940"
"2","Numerical 0 probability for all classes with observation 27948"
"2","Numerical 0 probability for all classes with observation 27949"
"2","Numerical 0 probability for all classes with observation 27950"
"2","Numerical 0 probability for all classes with observation 27951"
"2","Numerical 0 probability for all classes with observation 27960"
"2","Numerical 0 probability for all classes with observation 27961"
"2","Numerical 0 probability for all classes with observation 27963"
"2","Numerical 0 probability for all classes with observation 27964"
"2","Numerical 0 probability for all classes with observation 27965"
"2","Numerical 0 probability for all classes with observation 28065"
"2","Numerical 0 probability for all classes with observation 28066"
"2","Numerical 0 probability for all classes with observation 28067"
"2","Numerical 0 probability for all classes with observation 28068"
"2","Numerical 0 probability for all classes with observation 28086"
"2","Numerical 0 probability for all classes with observation 28087"
"2","Numerical 0 probability for all classes with observation 28088"
"2","Numerical 0 probability for all classes with observation 28089"
"2","Numerical 0 probability for all classes with observation 28090"
"2","Numerical 0 probability for all classes with observation 28091"
"2","Numerical 0 probability for all classes with observation 28092"
"2","Numerical 0 probability for all classes with observation 28093"
"2","Numerical 0 probability for all classes with observation 28094"
"2","Numerical 0 probability for all classes with observation 28095"
"2","Numerical 0 probability for all classes with observation 28142"
"2","Numerical 0 probability for all classes with observation 28143"
"2","Numerical 0 probability for all classes with observation 28148"
"2","Numerical 0 probability for all classes with observation 28149"
"2","Numerical 0 probability for all classes with observation 28150"
"2","Numerical 0 probability for all classes with observation 28158"
"2","Numerical 0 probability for all classes with observation 28159"
"2","Numerical 0 probability for all classes with observation 28160"
"2","Numerical 0 probability for all classes with observation 28161"
"2","Numerical 0 probability for all classes with observation 28162"
"2","Numerical 0 probability for all classes with observation 28163"
"2","Numerical 0 probability for all classes with observation 28164"
"2","Numerical 0 probability for all classes with observation 28165"
"2","Numerical 0 probability for all classes with observation 28166"
"2","Numerical 0 probability for all classes with observation 28167"
"2","Numerical 0 probability for all classes with observation 28168"
"2","Numerical 0 probability for all classes with observation 28170"
"2","Numerical 0 probability for all classes with observation 28171"
"2","Numerical 0 probability for all classes with observation 28173"
"2","Numerical 0 probability for all classes with observation 28174"
"2","Numerical 0 probability for all classes with observation 28175"
"2","Numerical 0 probability for all classes with observation 28276"
"2","Numerical 0 probability for all classes with observation 28277"
"2","Numerical 0 probability for all classes with observation 28296"
"2","Numerical 0 probability for all classes with observation 28297"
"2","Numerical 0 probability for all classes with observation 28298"
"2","Numerical 0 probability for all classes with observation 28299"
"2","Numerical 0 probability for all classes with observation 28300"
"2","Numerical 0 probability for all classes with observation 28301"
"2","Numerical 0 probability for all classes with observation 28353"
"2","Numerical 0 probability for all classes with observation 28354"
"2","Numerical 0 probability for all classes with observation 28355"
"2","Numerical 0 probability for all classes with observation 28356"
"2","Numerical 0 probability for all classes with observation 28357"
"2","Numerical 0 probability for all classes with observation 28358"
"2","Numerical 0 probability for all classes with observation 28360"
"2","Numerical 0 probability for all classes with observation 28361"
"2","Numerical 0 probability for all classes with observation 28362"
"2","Numerical 0 probability for all classes with observation 28363"
"2","Numerical 0 probability for all classes with observation 28364"
"2","Numerical 0 probability for all classes with observation 28365"
"2","Numerical 0 probability for all classes with observation 28366"
"2","Numerical 0 probability for all classes with observation 28367"
"2","Numerical 0 probability for all classes with observation 28368"
"2","Numerical 0 probability for all classes with observation 28372"
"2","Numerical 0 probability for all classes with observation 28373"
"2","Numerical 0 probability for all classes with observation 28374"
"2","Numerical 0 probability for all classes with observation 28375"
"2","Numerical 0 probability for all classes with observation 28378"
"2","Numerical 0 probability for all classes with observation 28379"
"2","Numerical 0 probability for all classes with observation 28380"
"2","Numerical 0 probability for all classes with observation 28381"
"2","Numerical 0 probability for all classes with observation 28383"
"2","Numerical 0 probability for all classes with observation 28424"
"2","Numerical 0 probability for all classes with observation 28425"
"2","Numerical 0 probability for all classes with observation 28426"
"2","Numerical 0 probability for all classes with observation 28427"
"2","Numerical 0 probability for all classes with observation 28428"
"2","Numerical 0 probability for all classes with observation 28505"
"2","Numerical 0 probability for all classes with observation 28506"
"2","Numerical 0 probability for all classes with observation 28570"
"2","Numerical 0 probability for all classes with observation 28571"
"2","Numerical 0 probability for all classes with observation 28573"
"2","Numerical 0 probability for all classes with observation 28588"
"2","Numerical 0 probability for all classes with observation 28589"
"2","Numerical 0 probability for all classes with observation 28590"
"2","Numerical 0 probability for all classes with observation 28591"
"2","Numerical 0 probability for all classes with observation 28593"
"2","Numerical 0 probability for all classes with observation 28594"
"2","Numerical 0 probability for all classes with observation 28628"
"2","Numerical 0 probability for all classes with observation 28629"
"2","Numerical 0 probability for all classes with observation 28634"
"2","Numerical 0 probability for all classes with observation 28635"
"2","Numerical 0 probability for all classes with observation 28636"
"2","Numerical 0 probability for all classes with observation 28637"
"2","Numerical 0 probability for all classes with observation 28638"
"2","Numerical 0 probability for all classes with observation 28798"
"2","Numerical 0 probability for all classes with observation 28799"
"2","Numerical 0 probability for all classes with observation 28800"
"2","Numerical 0 probability for all classes with observation 28801"
"2","Numerical 0 probability for all classes with observation 28803"
"2","Numerical 0 probability for all classes with observation 28838"
"2","Numerical 0 probability for all classes with observation 28839"
"2","Numerical 0 probability for all classes with observation 28844"
"2","Numerical 0 probability for all classes with observation 28845"
"2","Numerical 0 probability for all classes with observation 28846"
"2","Numerical 0 probability for all classes with observation 28847"
"2","Numerical 0 probability for all classes with observation 28848"
"2","Numerical 0 probability for all classes with observation 28849"
"2","Numerical 0 probability for all classes with observation 28940"
"2","Numerical 0 probability for all classes with observation 28941"
"2","Numerical 0 probability for all classes with observation 28994"
"2","Numerical 0 probability for all classes with observation 28995"
"2","Numerical 0 probability for all classes with observation 28997"
"2","Numerical 0 probability for all classes with observation 28998"
"2","Numerical 0 probability for all classes with observation 28999"
"2","Numerical 0 probability for all classes with observation 29000"
"2","Numerical 0 probability for all classes with observation 29001"
"2","Numerical 0 probability for all classes with observation 29002"
"2","Numerical 0 probability for all classes with observation 29003"
"2","Numerical 0 probability for all classes with observation 29004"
"2","Numerical 0 probability for all classes with observation 29005"
"2","Numerical 0 probability for all classes with observation 29008"
"2","Numerical 0 probability for all classes with observation 29009"
"2","Numerical 0 probability for all classes with observation 29010"
"2","Numerical 0 probability for all classes with observation 29011"
"2","Numerical 0 probability for all classes with observation 29013"
"2","Numerical 0 probability for all classes with observation 29149"
"2","Numerical 0 probability for all classes with observation 29150"
"2","Numerical 0 probability for all classes with observation 29151"
"2","Numerical 0 probability for all classes with observation 29152"
"2","Numerical 0 probability for all classes with observation 29202"
"2","Numerical 0 probability for all classes with observation 29203"
"2","Numerical 0 probability for all classes with observation 29216"
"2","Numerical 0 probability for all classes with observation 29217"
"2","Numerical 0 probability for all classes with observation 29218"
"2","Numerical 0 probability for all classes with observation 29219"
"2","Numerical 0 probability for all classes with observation 29220"
"2","Numerical 0 probability for all classes with observation 29221"
"2","Numerical 0 probability for all classes with observation 29223"
"2","Numerical 0 probability for all classes with observation 29358"
"2","Numerical 0 probability for all classes with observation 29359"
"2","Numerical 0 probability for all classes with observation 29360"
"2","Numerical 0 probability for all classes with observation 29361"
"2","Numerical 0 probability for all classes with observation 29362"
"2","Numerical 0 probability for all classes with observation 29363"
"2","Numerical 0 probability for all classes with observation 29412"
"2","Numerical 0 probability for all classes with observation 29413"
"2","Numerical 0 probability for all classes with observation 29426"
"2","Numerical 0 probability for all classes with observation 29427"
"2","Numerical 0 probability for all classes with observation 29428"
"2","Numerical 0 probability for all classes with observation 29429"
"2","Numerical 0 probability for all classes with observation 29430"
"2","Numerical 0 probability for all classes with observation 29431"
"2","Numerical 0 probability for all classes with observation 29433"
"2","Numerical 0 probability for all classes with observation 29568"
"2","Numerical 0 probability for all classes with observation 29569"
"2","Numerical 0 probability for all classes with observation 29570"
"2","Numerical 0 probability for all classes with observation 29571"
"2","Numerical 0 probability for all classes with observation 29572"
"2","Numerical 0 probability for all classes with observation 29573"
"2","Numerical 0 probability for all classes with observation 29622"
"2","Numerical 0 probability for all classes with observation 29623"
"2","Numerical 0 probability for all classes with observation 29636"
"2","Numerical 0 probability for all classes with observation 29637"
"2","Numerical 0 probability for all classes with observation 29638"
"2","Numerical 0 probability for all classes with observation 29639"
"2","Numerical 0 probability for all classes with observation 29640"
"2","Numerical 0 probability for all classes with observation 29641"
"2","Numerical 0 probability for all classes with observation 29643"
"2","Numerical 0 probability for all classes with observation 29744"
"2","Numerical 0 probability for all classes with observation 29745"
"2","Numerical 0 probability for all classes with observation 29746"
"2","Numerical 0 probability for all classes with observation 29747"
"2","Numerical 0 probability for all classes with observation 29779"
"2","Numerical 0 probability for all classes with observation 29780"
"2","Numerical 0 probability for all classes with observation 29781"
"2","Numerical 0 probability for all classes with observation 29782"
"2","Numerical 0 probability for all classes with observation 29832"
"2","Numerical 0 probability for all classes with observation 29833"
"2","Numerical 0 probability for all classes with observation 29846"
"2","Numerical 0 probability for all classes with observation 29847"
"2","Numerical 0 probability for all classes with observation 29848"
"2","Numerical 0 probability for all classes with observation 29849"
"2","Numerical 0 probability for all classes with observation 29850"
"2","Numerical 0 probability for all classes with observation 29851"
"2","Numerical 0 probability for all classes with observation 29853"
"2","Numerical 0 probability for all classes with observation 29954"
"2","Numerical 0 probability for all classes with observation 29955"
"2","Numerical 0 probability for all classes with observation 29956"
"2","Numerical 0 probability for all classes with observation 29957"
"2","Numerical 0 probability for all classes with observation 30042"
"2","Numerical 0 probability for all classes with observation 30043"
"2","Numerical 0 probability for all classes with observation 30044"
"2","Numerical 0 probability for all classes with observation 30045"
"2","Numerical 0 probability for all classes with observation 30046"
"2","Numerical 0 probability for all classes with observation 30047"
"2","Numerical 0 probability for all classes with observation 30048"
"2","Numerical 0 probability for all classes with observation 30049"
"2","Numerical 0 probability for all classes with observation 30050"
"2","Numerical 0 probability for all classes with observation 30051"
"2","Numerical 0 probability for all classes with observation 30052"
"2","Numerical 0 probability for all classes with observation 30053"
"2","Numerical 0 probability for all classes with observation 30054"
"2","Numerical 0 probability for all classes with observation 30055"
"2","Numerical 0 probability for all classes with observation 30056"
"2","Numerical 0 probability for all classes with observation 30059"
"2","Numerical 0 probability for all classes with observation 30060"
"2","Numerical 0 probability for all classes with observation 30061"
"2","Numerical 0 probability for all classes with observation 30062"
"2","Numerical 0 probability for all classes with observation 30063"
"2","Numerical 0 probability for all classes with observation 30166"
"2","Numerical 0 probability for all classes with observation 30177"
"2","Numerical 0 probability for all classes with observation 30254"
"2","Numerical 0 probability for all classes with observation 30255"
"2","Numerical 0 probability for all classes with observation 30256"
"2","Numerical 0 probability for all classes with observation 30258"
"2","Numerical 0 probability for all classes with observation 30260"
"2","Numerical 0 probability for all classes with observation 30261"
"2","Numerical 0 probability for all classes with observation 30262"
"2","Numerical 0 probability for all classes with observation 30263"
"2","Numerical 0 probability for all classes with observation 30270"
"2","Numerical 0 probability for all classes with observation 30271"
"2","Numerical 0 probability for all classes with observation 30272"
"2","Numerical 0 probability for all classes with observation 30273"
"2","Numerical 0 probability for all classes with observation 30438"
"2","Numerical 0 probability for all classes with observation 30460"
"2","Numerical 0 probability for all classes with observation 30612"
"2","Numerical 0 probability for all classes with observation 30643"
"2","Numerical 0 probability for all classes with observation 30644"
"2","Numerical 0 probability for all classes with observation 30645"
"2","Numerical 0 probability for all classes with observation 30646"
"2","Numerical 0 probability for all classes with observation 30647"
"2","Numerical 0 probability for all classes with observation 30648"
"2","Numerical 0 probability for all classes with observation 30822"
"2","Numerical 0 probability for all classes with observation 30854"
"2","Numerical 0 probability for all classes with observation 30856"
"2","Numerical 0 probability for all classes with observation 31032"
"2","Numerical 0 probability for all classes with observation 31061"
"2","Numerical 0 probability for all classes with observation 31163"
"2","Numerical 0 probability for all classes with observation 31166"
"2","Numerical 0 probability for all classes with observation 31167"
"2","Numerical 0 probability for all classes with observation 31268"
"2","Numerical 0 probability for all classes with observation 31271"
"2","Numerical 0 probability for all classes with observation 31336"
"2","Numerical 0 probability for all classes with observation 31368"
"2","Numerical 0 probability for all classes with observation 31371"
"2","Numerical 0 probability for all classes with observation 31377"
"2","Numerical 0 probability for all classes with observation 31480"
"2","Numerical 0 probability for all classes with observation 31481"
"2","Numerical 0 probability for all classes with observation 31486"
"2","Numerical 0 probability for all classes with observation 31546"
"2","Numerical 0 probability for all classes with observation 31558"
"2","Numerical 0 probability for all classes with observation 31572"
"2","Numerical 0 probability for all classes with observation 31578"
"2","Numerical 0 probability for all classes with observation 31580"
"2","Numerical 0 probability for all classes with observation 31581"
"2","Numerical 0 probability for all classes with observation 31586"
"2","Numerical 0 probability for all classes with observation 31587"
"2","Numerical 0 probability for all classes with observation 31601"
"2","Numerical 0 probability for all classes with observation 31696"
"2","Numerical 0 probability for all classes with observation 31697"
"2","Numerical 0 probability for all classes with observation 31755"
"2","Numerical 0 probability for all classes with observation 31756"
"2","Numerical 0 probability for all classes with observation 31906"
"2","Numerical 0 probability for all classes with observation 31907"
"2","Numerical 0 probability for all classes with observation 31965"
"2","Numerical 0 probability for all classes with observation 31966"
"2","Numerical 0 probability for all classes with observation 32116"
"2","Numerical 0 probability for all classes with observation 32117"
"2","Numerical 0 probability for all classes with observation 32322"
"2","Numerical 0 probability for all classes with observation 32323"
"2","Numerical 0 probability for all classes with observation 32326"
"2","Numerical 0 probability for all classes with observation 32327"
"2","Numerical 0 probability for all classes with observation 32330"
"2","Numerical 0 probability for all classes with observation 32331"
"2","Numerical 0 probability for all classes with observation 32332"
"2","Numerical 0 probability for all classes with observation 32333"
"2","Numerical 0 probability for all classes with observation 32532"
"2","Numerical 0 probability for all classes with observation 32533"
"2","Numerical 0 probability for all classes with observation 32535"
"2","Numerical 0 probability for all classes with observation 32540"
"2","Numerical 0 probability for all classes with observation 32541"
"2","Numerical 0 probability for all classes with observation 32542"
"2","Numerical 0 probability for all classes with observation 32543"
"2","Numerical 0 probability for all classes with observation 32544"
"2","Numerical 0 probability for all classes with observation 32545"
"2","Numerical 0 probability for all classes with observation 32622"
"2","Numerical 0 probability for all classes with observation 32623"
"2","Numerical 0 probability for all classes with observation 32634"
"2","Numerical 0 probability for all classes with observation 32635"
"2","Numerical 0 probability for all classes with observation 32636"
"2","Numerical 0 probability for all classes with observation 32640"
"2","Numerical 0 probability for all classes with observation 32641"
"2","Numerical 0 probability for all classes with observation 32643"
"2","Numerical 0 probability for all classes with observation 32754"
"2","Numerical 0 probability for all classes with observation 32755"
"2","Numerical 0 probability for all classes with observation 32756"
"2","Numerical 0 probability for all classes with observation 32844"
"2","Numerical 0 probability for all classes with observation 32845"
"2","Numerical 0 probability for all classes with observation 32846"
"2","Numerical 0 probability for all classes with observation 32964"
"2","Numerical 0 probability for all classes with observation 32965"
"2","Numerical 0 probability for all classes with observation 33049"
"2","Numerical 0 probability for all classes with observation 33050"
"2","Numerical 0 probability for all classes with observation 33051"
"2","Numerical 0 probability for all classes with observation 33052"
"2","Numerical 0 probability for all classes with observation 33053"
"2","Numerical 0 probability for all classes with observation 33054"
"2","Numerical 0 probability for all classes with observation 33055"
"2","Numerical 0 probability for all classes with observation 33063"
"2","Numerical 0 probability for all classes with observation 33064"
"2","Numerical 0 probability for all classes with observation 33065"
"2","Numerical 0 probability for all classes with observation 33066"
"2","Numerical 0 probability for all classes with observation 33067"
"2","Numerical 0 probability for all classes with observation 33259"
"2","Numerical 0 probability for all classes with observation 33260"
"2","Numerical 0 probability for all classes with observation 33261"
"2","Numerical 0 probability for all classes with observation 33262"
"2","Numerical 0 probability for all classes with observation 33263"
"2","Numerical 0 probability for all classes with observation 33273"
"2","Numerical 0 probability for all classes with observation 33274"
"2","Numerical 0 probability for all classes with observation 33275"
"2","Numerical 0 probability for all classes with observation 33276"
"2","Numerical 0 probability for all classes with observation 33469"
"2","Numerical 0 probability for all classes with observation 33470"
"2","Numerical 0 probability for all classes with observation 33471"
"2","Numerical 0 probability for all classes with observation 33472"
"2","Numerical 0 probability for all classes with observation 33483"
"2","Numerical 0 probability for all classes with observation 33484"
"2","Numerical 0 probability for all classes with observation 33485"
"2","Numerical 0 probability for all classes with observation 33680"
"2","Numerical 0 probability for all classes with observation 33681"
"2","Numerical 0 probability for all classes with observation 33688"
"2","Numerical 0 probability for all classes with observation 33816"
"2","Numerical 0 probability for all classes with observation 33817"
"2","Numerical 0 probability for all classes with observation 33818"
"2","Numerical 0 probability for all classes with observation 33819"
"2","Numerical 0 probability for all classes with observation 33822"
"2","Numerical 0 probability for all classes with observation 33823"
"2","Numerical 0 probability for all classes with observation 33824"
"2","Numerical 0 probability for all classes with observation 33825"
"2","Numerical 0 probability for all classes with observation 33826"
"2","Numerical 0 probability for all classes with observation 33900"
"2","Numerical 0 probability for all classes with observation 33909"
"2","Numerical 0 probability for all classes with observation 33910"
"2","Numerical 0 probability for all classes with observation 33911"
"2","Numerical 0 probability for all classes with observation 33946"
"2","Numerical 0 probability for all classes with observation 34026"
"2","Numerical 0 probability for all classes with observation 34027"
"2","Numerical 0 probability for all classes with observation 34028"
"2","Numerical 0 probability for all classes with observation 34029"
"2","Numerical 0 probability for all classes with observation 34030"
"2","Numerical 0 probability for all classes with observation 34032"
"2","Numerical 0 probability for all classes with observation 34033"
"2","Numerical 0 probability for all classes with observation 34034"
"2","Numerical 0 probability for all classes with observation 34035"
"2","Numerical 0 probability for all classes with observation 34119"
"2","Numerical 0 probability for all classes with observation 34120"
"2","Numerical 0 probability for all classes with observation 34121"
"2","Numerical 0 probability for all classes with observation 34122"
"2","Numerical 0 probability for all classes with observation 34156"
"2","Numerical 0 probability for all classes with observation 34157"
"2","Numerical 0 probability for all classes with observation 34237"
"2","Numerical 0 probability for all classes with observation 34238"
"2","Numerical 0 probability for all classes with observation 34239"
"2","Numerical 0 probability for all classes with observation 34243"
"2","Numerical 0 probability for all classes with observation 34244"
"2","Numerical 0 probability for all classes with observation 34245"
"2","Numerical 0 probability for all classes with observation 34316"
"2","Numerical 0 probability for all classes with observation 34317"
"2","Numerical 0 probability for all classes with observation 34320"
"2","Numerical 0 probability for all classes with observation 34321"
"2","Numerical 0 probability for all classes with observation 34330"
"2","Numerical 0 probability for all classes with observation 34331"
"2","Numerical 0 probability for all classes with observation 34347"
"2","Numerical 0 probability for all classes with observation 34348"
"2","Numerical 0 probability for all classes with observation 34349"
"2","Numerical 0 probability for all classes with observation 34350"
"2","Numerical 0 probability for all classes with observation 34351"
"2","Numerical 0 probability for all classes with observation 34352"
"2","Numerical 0 probability for all classes with observation 34368"
"2","Numerical 0 probability for all classes with observation 34407"
"2","Numerical 0 probability for all classes with observation 34408"
"2","Numerical 0 probability for all classes with observation 34442"
"2","Numerical 0 probability for all classes with observation 34443"
"2","Numerical 0 probability for all classes with observation 34446"
"2","Numerical 0 probability for all classes with observation 34447"
"2","Numerical 0 probability for all classes with observation 34448"
"2","Numerical 0 probability for all classes with observation 34449"
"2","Numerical 0 probability for all classes with observation 34454"
"2","Numerical 0 probability for all classes with observation 34455"
"2","Numerical 0 probability for all classes with observation 34459"
"2","Numerical 0 probability for all classes with observation 34460"
"2","Numerical 0 probability for all classes with observation 34527"
"2","Numerical 0 probability for all classes with observation 34528"
"2","Numerical 0 probability for all classes with observation 34529"
"2","Numerical 0 probability for all classes with observation 34530"
"2","Numerical 0 probability for all classes with observation 34540"
"2","Numerical 0 probability for all classes with observation 34541"
"2","Numerical 0 probability for all classes with observation 34557"
"2","Numerical 0 probability for all classes with observation 34558"
"2","Numerical 0 probability for all classes with observation 34559"
"2","Numerical 0 probability for all classes with observation 34560"
"2","Numerical 0 probability for all classes with observation 34561"
"2","Numerical 0 probability for all classes with observation 34562"
"2","Numerical 0 probability for all classes with observation 34578"
"2","Numerical 0 probability for all classes with observation 34652"
"2","Numerical 0 probability for all classes with observation 34653"
"2","Numerical 0 probability for all classes with observation 34654"
"2","Numerical 0 probability for all classes with observation 34655"
"2","Numerical 0 probability for all classes with observation 34656"
"2","Numerical 0 probability for all classes with observation 34657"
"2","Numerical 0 probability for all classes with observation 34658"
"2","Numerical 0 probability for all classes with observation 34659"
"2","Numerical 0 probability for all classes with observation 34664"
"2","Numerical 0 probability for all classes with observation 34665"
"2","Numerical 0 probability for all classes with observation 34666"
"2","Numerical 0 probability for all classes with observation 34667"
"2","Numerical 0 probability for all classes with observation 34668"
"2","Numerical 0 probability for all classes with observation 34669"
"2","Numerical 0 probability for all classes with observation 34670"
"2","Numerical 0 probability for all classes with observation 34671"
"2","Numerical 0 probability for all classes with observation 34766"
"2","Numerical 0 probability for all classes with observation 34767"
"2","Numerical 0 probability for all classes with observation 34772"
"2","Numerical 0 probability for all classes with observation 34773"
"2","Numerical 0 probability for all classes with observation 34862"
"2","Numerical 0 probability for all classes with observation 34863"
"2","Numerical 0 probability for all classes with observation 34864"
"2","Numerical 0 probability for all classes with observation 34865"
"2","Numerical 0 probability for all classes with observation 34866"
"2","Numerical 0 probability for all classes with observation 34867"
"2","Numerical 0 probability for all classes with observation 34868"
"2","Numerical 0 probability for all classes with observation 34869"
"2","Numerical 0 probability for all classes with observation 34874"
"2","Numerical 0 probability for all classes with observation 34875"
"2","Numerical 0 probability for all classes with observation 34876"
"2","Numerical 0 probability for all classes with observation 34877"
"2","Numerical 0 probability for all classes with observation 34878"
"2","Numerical 0 probability for all classes with observation 34879"
"2","Numerical 0 probability for all classes with observation 34880"
"2","Numerical 0 probability for all classes with observation 34881"
"2","Numerical 0 probability for all classes with observation 34960"
"2","Numerical 0 probability for all classes with observation 34976"
"2","Numerical 0 probability for all classes with observation 34977"
"2","Numerical 0 probability for all classes with observation 34982"
"2","Numerical 0 probability for all classes with observation 34983"
"2","Numerical 0 probability for all classes with observation 35072"
"2","Numerical 0 probability for all classes with observation 35073"
"2","Numerical 0 probability for all classes with observation 35074"
"2","Numerical 0 probability for all classes with observation 35075"
"2","Numerical 0 probability for all classes with observation 35076"
"2","Numerical 0 probability for all classes with observation 35077"
"2","Numerical 0 probability for all classes with observation 35078"
"2","Numerical 0 probability for all classes with observation 35079"
"2","Numerical 0 probability for all classes with observation 35084"
"2","Numerical 0 probability for all classes with observation 35085"
"2","Numerical 0 probability for all classes with observation 35086"
"2","Numerical 0 probability for all classes with observation 35087"
"2","Numerical 0 probability for all classes with observation 35088"
"2","Numerical 0 probability for all classes with observation 35089"
"2","Numerical 0 probability for all classes with observation 35090"
"2","Numerical 0 probability for all classes with observation 35186"
"2","Numerical 0 probability for all classes with observation 35187"
"2","Numerical 0 probability for all classes with observation 35192"
"2","Numerical 0 probability for all classes with observation 35193"
"2","Numerical 0 probability for all classes with observation 35270"
"2","Numerical 0 probability for all classes with observation 35282"
"2","Numerical 0 probability for all classes with observation 35283"
"2","Numerical 0 probability for all classes with observation 35286"
"2","Numerical 0 probability for all classes with observation 35287"
"2","Numerical 0 probability for all classes with observation 35288"
"2","Numerical 0 probability for all classes with observation 35289"
"2","Numerical 0 probability for all classes with observation 35294"
"2","Numerical 0 probability for all classes with observation 35295"
"2","Numerical 0 probability for all classes with observation 35296"
"2","Numerical 0 probability for all classes with observation 35297"
"2","Numerical 0 probability for all classes with observation 35298"
"2","Numerical 0 probability for all classes with observation 35299"
"2","Numerical 0 probability for all classes with observation 35300"
"2","Numerical 0 probability for all classes with observation 35396"
"2","Numerical 0 probability for all classes with observation 35397"
"2","Numerical 0 probability for all classes with observation 35402"
"2","Numerical 0 probability for all classes with observation 35403"
"2","Numerical 0 probability for all classes with observation 35413"
"2","Numerical 0 probability for all classes with observation 35480"
"2","Numerical 0 probability for all classes with observation 35497"
"2","Numerical 0 probability for all classes with observation 35498"
"2","Numerical 0 probability for all classes with observation 35499"
"2","Numerical 0 probability for all classes with observation 35502"
"2","Numerical 0 probability for all classes with observation 35503"
"2","Numerical 0 probability for all classes with observation 35504"
"2","Numerical 0 probability for all classes with observation 35505"
"2","Numerical 0 probability for all classes with observation 35596"
"2","Numerical 0 probability for all classes with observation 35598"
"2","Numerical 0 probability for all classes with observation 35599"
"2","Numerical 0 probability for all classes with observation 35606"
"2","Numerical 0 probability for all classes with observation 35607"
"2","Numerical 0 probability for all classes with observation 35612"
"2","Numerical 0 probability for all classes with observation 35613"
"2","Numerical 0 probability for all classes with observation 35690"
"0","# Extract predicted landuse class"
"0","grid.df$Landuse<-p3$predict  "
"0","# Import lnaduse ID file "
"0","ID<-read.csv(paste0(dataFolder,"".\\Sentinel_2\\Landuse_ID.csv""), header=T)"
"0","# Join landuse ID"
"0","grid.new<-join(grid.df, ID, by=""Landuse"", type=""inner"") "
"0","# Omit missing values"
"0","grid.new.na<-na.omit(grid.new)                                                            "
